函数

round

```mysql
#返回四舍五入的小数
mysql> select round(1.125,2);
+----------------+
| round(1.125,2) |
+----------------+
|           1.13 |
+----------------+
```



rand

```mysql
#返回随机值
mysql> select rand();
+--------------------+
| rand()             |
+--------------------+
| 0.7252299810994696 |
+--------------------+

#结合round函数使用rand生成随机数
mysql> select round(rand()*10);
+------------------+
| round(rand()*10) |
+------------------+
|                3 |
+------------------+
```



char_length

```mysql
#返回字符串长度
mysql> select char_length('你好');
+-----------------------+
| char_length('你好')   |
+-----------------------+
|                     2 |
+-----------------------+
```



lower、upper

```mysql
#返回大小写
mysql> select lower('HAHAHAH');
+------------------+
| lower('HAHAHAH') |
+------------------+
| hahahah          |
+------------------+
1 row in set (0.00 sec)

mysql> select upper('good morning');
+-----------------------+
| upper('good morning') |
+-----------------------+
| GOOD MORNING          |
+-----------------------+
1 row in set (0.00 sec)
```



reverse

```mysql
#倒序输出字符串字符
mysql> select reverse('good morning');
+-------------------------+
| reverse('good morning') |
+-------------------------+
| gninrom doog            |
+-------------------------+
```



substring

```mysql
#从第几个开始截断
mysql> select substring('good morning',6);
+-----------------------------+
| substring('good morning',6) |
+-----------------------------+
| morning                     |
+-----------------------------+

#从第几个开始截断
mysql> select substring('good morning' from 6);
+----------------------------------+
| substring('good morning' from 6) |
+----------------------------------+
| morning                          |
+----------------------------------+

#从第几个至第几个
mysql> select substring('good morning',6,4);
+-------------------------------+
| substring('good morning',6,4) |
+-------------------------------+
| morn                          |
+-------------------------------+

#从倒数第几个开始输出
mysql> select substring('good morning',-3);
+------------------------------+
| substring('good morning',-3) |
+------------------------------+
| ing                          |
+------------------------------+

#从倒数第几个至第几个
mysql> select substring('good morning',-5,3);
+--------------------------------+
| substring('good morning',-5,3) |
+--------------------------------+
| rni                            |
+--------------------------------+
```



日期函数

```mysql
#返回当前日期
mysql> select curdate;
mysql> select current_date;
+------------+
| curdate()  |
+------------+
| 2018-08-22 |
+------------+

#返回当前时间
mysql> select curtime;
mysql> select current_time;
+-----------+
| curtime() |
+-----------+
| 11:45:09  |
+-----------+

#返回当天使星期几
mysql> select dayname(current_date);
+-----------------------+
| dayname(current_date) |
+-----------------------+
| Wednesday             |
+-----------------------+

#返回当前在年内、月内、周内使第几天
mysql> select dayofyear(current_date);
+-------------------------+
| dayofyear(current_date) |
+-------------------------+
|                     234 |
+-------------------------+
1 row in set (0.00 sec)

mysql> select dayofmonth(current_date);
+--------------------------+
| dayofmonth(current_date) |
+--------------------------+
|                       22 |
+--------------------------+
1 row in set (0.00 sec)

mysql> select dayofweek(current_date);
+-------------------------+
| dayofweek(current_date) |
+-------------------------+
|                       4 |
+-------------------------+
```



**date_format**

```mysql
#按照给定的格式，显示时间
mysql> select date_format('2009-10-04 22:23:12','%Y-%m-%d');
+-----------------------------------------------+
| date_format('2009-10-04 22:23:12','%Y-%m-%d') |
+-----------------------------------------------+
| 2009-10-04                                    |
+-----------------------------------------------+

#按时间格式排列，并统计
mysql> select * from blog;
+----+---------+---------------------+
| id | NAME    | sub_time            |
+----+---------+---------------------+
|  1 | 第1篇   | 2015-03-01 11:31:21 |
|  2 | 第2篇   | 2015-03-11 16:31:21 |
|  3 | 第3篇   | 2016-07-01 10:21:31 |
|  4 | 第4篇   | 2016-07-22 09:23:21 |
|  5 | 第5篇   | 2016-07-23 10:11:11 |
|  6 | 第6篇   | 2016-07-25 11:21:31 |
|  7 | 第7篇   | 2017-03-01 15:33:21 |
|  8 | 第8篇   | 2017-03-01 17:32:21 |
|  9 | 第9篇   | 2017-03-01 18:31:21 |
+----+---------+---------------------+

mysql> select date_format(sub_time,'%Y-%m'),count(id) from blog group by date_format(sub_time,'%Y-%m');
+-------------------------------+-----------+
| date_format(sub_time,'%Y-%m') | count(id) |
+-------------------------------+-----------+
| 2015-03                       |         2 |
| 2016-07                       |         4 |
| 2017-03                       |         3 |
+-------------------------------+-----------+
```



自定义函数

```mysql
delimiter //
#定义函数
create function f1(
	n1 int,
	n2 int
)
returns int
begin
	declare num int;
	set num = n1 + n2;
	return(num);
end//
delimiter ;

#调用函数
mysql> select f1(2,3);
+---------+
| f1(2,3) |
+---------+
|       5 |
+---------+
```

